{
  "0": {
    "energy": 38141710.09667238,
    "zcc": 496.0,
    "psd": 4999310225791.042,
    "psd_low": 766624998.406828,
    "psd_high": 4998543600792.636
  },
  "1": {
    "energy": 27413789.24598214,
    "zcc": 282.0,
    "psd": 3593180184049.3706,
    "psd_low": 485214865.46576613,
    "psd_high": 3592694969183.905
  },
  "2": {
    "energy": 29014759.15743349,
    "zcc": 284.0,
    "psd": 3803022512283.123,
    "psd_low": 450081312.3088894,
    "psd_high": 3802572430970.814
  },
  "3": {
    "energy": 48335549.845545694,
    "zcc": 294.0,
    "psd": 6335437189355.365,
    "psd_low": 757167401.7514179,
    "psd_high": 6334680021953.615
  },
  "4": {
    "energy": 25076231.43912921,
    "zcc": 214.0,
    "psd": 3286791807189.5444,
    "psd_low": 297087658.98922366,
    "psd_high": 3286494719530.555
  },
  "5": {
    "energy": 26682313.41225207,
    "zcc": 296.0,
    "psd": 3497304183570.7026,
    "psd_low": 460278759.8042319,
    "psd_high": 3496843904810.8984
  },
  "6": {
    "energy": 24302734.859284192,
    "zcc": 268.0,
    "psd": 3185408063476.097,
    "psd_low": 279450750.42332906,
    "psd_high": 3185128612725.6743
  },
  "7": {
    "energy": 24068795.88040781,
    "zcc": 254.0,
    "psd": 3154745213636.813,
    "psd_low": 381412189.30099297,
    "psd_high": 3154363801447.512
  },
  "8": {
    "energy": 22350267.196944058,
    "zcc": 270.0,
    "psd": 2929494222037.851,
    "psd_low": 324329002.2457344,
    "psd_high": 2929169893035.6055
  },
  "9": {
    "energy": 17987011.106826633,
    "zcc": 332.0,
    "psd": 2357593519793.9805,
    "psd_low": 286479207.7150529,
    "psd_high": 2357307040586.265
  },
  "10": {
    "energy": 60552202.98298286,
    "zcc": 1073.0,
    "psd": 7936698349385.534,
    "psd_low": 1319354108.0086317,
    "psd_high": 7935378995277.525
  },
  "11": {
    "energy": 29864683.73237929,
    "zcc": 454.0,
    "psd": 3914423826170.4185,
    "psd_low": 1121256993.9044828,
    "psd_high": 3913302569176.514
  },
  "12": {
    "energy": 36725882.77728961,
    "zcc": 394.0,
    "psd": 4813734907384.904,
    "psd_low": 1276625347.9681504,
    "psd_high": 4812458282036.9375
  },
  "13": {
    "energy": 53732430.769295886,
    "zcc": 448.0,
    "psd": 7042817165793.15,
    "psd_low": 2026777681.4054155,
    "psd_high": 7040790388111.745
  },
  "14": {
    "energy": 75119561.68518288,
    "zcc": 482.0,
    "psd": 9846071189200.291,
    "psd_low": 3181266586.395659,
    "psd_high": 9842889922613.895
  },
  "15": {
    "energy": 99304139.43252595,
    "zcc": 534.0,
    "psd": 13015992163700.043,
    "psd_low": 4182924397.4821143,
    "psd_high": 13011809239302.562
  },
  "16": {
    "energy": 75551018.63234626,
    "zcc": 410.0,
    "psd": 9902623114178.887,
    "psd_low": 2884056313.736481,
    "psd_high": 9899739057865.15
  },
  "17": {
    "energy": 12880402.092513617,
    "zcc": 450.0,
    "psd": 1688260063069.9446,
    "psd_low": 606941587.2423812,
    "psd_high": 1687653121482.7021
  },
  "18": {
    "energy": 90207217.6092508,
    "zcc": 450.0,
    "psd": 11823640426479.72,
    "psd_low": 3429694825.369346,
    "psd_high": 11820210731654.352
  },
  "19": {
    "energy": 120545006.55994028,
    "zcc": 506.0,
    "psd": 15800075099824.494,
    "psd_low": 5040630272.933653,
    "psd_high": 15795034469551.56
  },
  "20": {
    "energy": 63796123.37880752,
    "zcc": 490.0,
    "psd": 8361885483507.057,
    "psd_low": 2160596612.8989644,
    "psd_high": 8359724886894.158
  },
  "21": {
    "energy": 15503573.033439241,
    "zcc": 510.0,
    "psd": 2032084324638.9482,
    "psd_low": 762339157.8802912,
    "psd_high": 2031321985481.068
  },
  "22": {
    "energy": 49651276.45638213,
    "zcc": 576.0,
    "psd": 6507892107690.917,
    "psd_low": 2117235713.4997652,
    "psd_high": 6505774871977.418
  },
  "23": {
    "energy": 47253416.84701907,
    "zcc": 594.0,
    "psd": 6193599852972.483,
    "psd_low": 2159260974.353055,
    "psd_high": 6191440591998.131
  },
  "24": {
    "energy": 21050052.6482971,
    "zcc": 548.0,
    "psd": 2759072500717.597,
    "psd_low": 735263737.9097352,
    "psd_high": 2758337236979.6875
  },
  "25": {
    "energy": 20010631.30735758,
    "zcc": 955.0,
    "psd": 2622833466717.973,
    "psd_low": 875162762.398821,
    "psd_high": 2621958303955.574
  },
  "26": {
    "energy": 19811892.893910024,
    "zcc": 736.0,
    "psd": 2596784425390.5747,
    "psd_low": 683849783.2565147,
    "psd_high": 2596100575607.3184
  },
  "27": {
    "energy": 17642611.063802436,
    "zcc": 532.0,
    "psd": 2312452317354.7124,
    "psd_low": 649720450.9436243,
    "psd_high": 2311802596903.769
  },
  "28": {
    "energy": 21640505.07480237,
    "zcc": 468.0,
    "psd": 2836464281164.4966,
    "psd_low": 657812034.8058132,
    "psd_high": 2835806469129.6904
  },
  "29": {
    "energy": 16366863.32044484,
    "zcc": 556.0,
    "psd": 2145237509137.3455,
    "psd_low": 568444339.7839025,
    "psd_high": 2144669064797.5618
  },
  "30": {
    "energy": 16993929.21739972,
    "zcc": 552.0,
    "psd": 2227428290383.0166,
    "psd_low": 641148729.3271847,
    "psd_high": 2226787141653.6895
  },
  "31": {
    "energy": 36004953.14492858,
    "zcc": 568.0,
    "psd": 4719241218612.08,
    "psd_low": 2345795554.8043647,
    "psd_high": 4716895423057.276
  },
  "32": {
    "energy": 9522005.55533404,
    "zcc": 410.0,
    "psd": 1248068312148.743,
    "psd_low": 258539724.09560776,
    "psd_high": 1247809772424.6472
  },
  "33": {
    "energy": 56713575.27076817,
    "zcc": 498.0,
    "psd": 7433561737890.125,
    "psd_low": 3314285488.978525,
    "psd_high": 7430247452401.146
  },
  "34": {
    "energy": 29601202.024431292,
    "zcc": 318.0,
    "psd": 3879888751746.26,
    "psd_low": 667692509.575135,
    "psd_high": 3879221059236.6846
  },
  "35": {
    "energy": 37001629.39244387,
    "zcc": 368.0,
    "psd": 4849877567726.404,
    "psd_low": 1224659112.1179245,
    "psd_high": 4848652908614.286
  },
  "36": {
    "energy": 35641216.67185796,
    "zcc": 376.0,
    "psd": 4671565551613.768,
    "psd_low": 1526843407.3077695,
    "psd_high": 4670038708206.46
  },
  "37": {
    "energy": 10007534.19034047,
    "zcc": 286.0,
    "psd": 1311707521396.3064,
    "psd_low": 310783841.7600904,
    "psd_high": 1311396737554.5464
  },
  "38": {
    "energy": 31619156.052570224,
    "zcc": 410.0,
    "psd": 4144386022122.486,
    "psd_low": 1108718793.3987458,
    "psd_high": 4143277303329.087
  },
  "39": {
    "energy": 25166815.869885754,
    "zcc": 572.0,
    "psd": 3298664889697.665,
    "psd_low": 925888979.5763515,
    "psd_high": 3297739000718.089
  },
  "40": {
    "energy": 18290196.278914608,
    "zcc": 404.0,
    "psd": 2397332606669.8955,
    "psd_low": 583437400.7401015,
    "psd_high": 2396749169269.1553
  },
  "41": {
    "energy": 28089176.373423494,
    "zcc": 580.0,
    "psd": 3681704525617.3647,
    "psd_low": 671128913.9610964,
    "psd_high": 3681033396703.4033
  },
  "42": {
    "energy": 22007588.82390382,
    "zcc": 400.0,
    "psd": 2884578682326.7217,
    "psd_low": 493543593.7487075,
    "psd_high": 2884085138732.9727
  },
  "43": {
    "energy": 8092094.408697009,
    "zcc": 612.0,
    "psd": 1060646998336.7346,
    "psd_low": 228185154.9996025,
    "psd_high": 1060418813181.7351
  },
  "44": {
    "energy": 24948788.140614316,
    "zcc": 635.0,
    "psd": 3270087559166.599,
    "psd_low": 773943159.9641627,
    "psd_high": 3269313616006.6353
  },
  "45": {
    "energy": 24146714.582814112,
    "zcc": 670.0,
    "psd": 3164958173798.6104,
    "psd_low": 537910271.1760216,
    "psd_high": 3164420263527.4346
  },
  "46": {
    "energy": 21457205.97818149,
    "zcc": 428.0,
    "psd": 2812438901972.2046,
    "psd_low": 455580595.77441853,
    "psd_high": 2811983321376.43
  },
  "47": {
    "energy": 20188707.973255258,
    "zcc": 614.0,
    "psd": 2646174331470.5137,
    "psd_low": 572717551.3000953,
    "psd_high": 2645601613919.2134
  },
  "48": {
    "energy": 12972343.260560984,
    "zcc": 656.0,