{
  "0": {
    "energy": 26524250.78895887,
    "zcc": 3260.0,
    "psd": 3476586599410.4165,
    "psd_low": 7221521451.45997,
    "psd_high": 3469365077958.9565
  },
  "1": {
    "energy": 23418113.12684339,
    "zcc": 3370.0,
    "psd": 3069458923761.6167,
    "psd_low": 7568504668.80846,
    "psd_high": 3061890419092.808
  },
  "2": {
    "energy": 30751566.67896763,
    "zcc": 3022.0,
    "psd": 4030669347745.646,
    "psd_low": 4910929325.831786,
    "psd_high": 4025758418419.814
  },
  "3": {
    "energy": 28076960.03343521,
    "zcc": 3598.0,
    "psd": 3680103305502.42,
    "psd_low": 7813959564.546546,
    "psd_high": 3672289345937.8735
  },
  "4": {
    "energy": 26945485.28427316,
    "zcc": 2950.0,
    "psd": 3531798647180.252,
    "psd_low": 4477689844.786065,
    "psd_high": 3527320957335.466
  },
  "5": {
    "energy": 29578682.973456718,
    "zcc": 2860.0,
    "psd": 3876937134696.919,
    "psd_low": 4610343023.29174,
    "psd_high": 3872326791673.6274
  },
  "6": {
    "energy": 22259698.267461944,
    "zcc": 3026.0,
    "psd": 2917623171312.7725,
    "psd_low": 5921524550.307533,
    "psd_high": 2911701646762.465
  },
  "7": {
    "energy": 23366045.80301484,
    "zcc": 3058.0,
    "psd": 3062634355492.7607,
    "psd_low": 4704310482.927789,
    "psd_high": 3057930045009.8325
  },
  "8": {
    "energy": 18294489.27481728,
    "zcc": 3174.0,
    "psd": 2397895298228.8496,
    "psd_low": 9359643041.968744,
    "psd_high": 2388535655186.881
  },
  "9": {
    "energy": 22431918.92549879,
    "zcc": 2606.0,
    "psd": 2940196477402.977,
    "psd_low": 5225073023.476252,
    "psd_high": 2934971404379.501
  },
  "10": {
    "energy": 73066914.96907952,
    "zcc": 4090.0,
    "psd": 9577026678827.193,
    "psd_low": 34193856141.85264,
    "psd_high": 9542832822685.342
  },
  "11": {
    "energy": 34597412.708604,
    "zcc": 1574.0,
    "psd": 4534752078542.1455,
    "psd_low": 19499500347.75537,
    "psd_high": 4515252578194.39
  },
  "12": {
    "energy": 58529214.2398753,
    "zcc": 4754.0,
    "psd": 7671541168848.937,
    "psd_low": 21253979543.527885,
    "psd_high": 7650287189305.409
  },
  "13": {
    "energy": 48915676.71504252,
    "zcc": 3622.0,
    "psd": 6411475578394.052,
    "psd_low": 16882102239.872969,
    "psd_high": 6394593476154.179
  },
  "14": {
    "energy": 43059567.36369779,
    "zcc": 4884.0,
    "psd": 5643903613494.597,
    "psd_low": 9420720260.788994,
    "psd_high": 5634482893233.808
  },
  "15": {
    "energy": 31415468.110511266,
    "zcc": 3778.0,
    "psd": 4117688236180.933,
    "psd_low": 6719318094.821537,
    "psd_high": 4110968918086.1113
  },
  "16": {
    "energy": 43997542.56069351,
    "zcc": 4540.0,
    "psd": 5766845898515.22,
    "psd_low": 10329382055.52177,
    "psd_high": 5756516516459.697
  },
  "17": {
    "energy": 25106035.3841355,
    "zcc": 4026.0,
    "psd": 3290698269869.407,
    "psd_low": 10511953469.443869,
    "psd_high": 3280186316399.963
  },
  "18": {
    "energy": 28577623.115628764,
    "zcc": 5002.0,
    "psd": 3745726217011.6943,
    "psd_low": 6769362306.330905,
    "psd_high": 3738956854705.364
  },
  "19": {
    "energy": 27600938.152800325,
    "zcc": 6660.0,
    "psd": 3617710165563.8438,
    "psd_low": 9158646972.13194,
    "psd_high": 3608551518591.712
  },
  "20": {
    "energy": 23222395.254021402,
    "zcc": 5521.0,
    "psd": 3043805790735.094,
    "psd_low": 5313457477.761048,
    "psd_high": 3038492333257.3335
  },
  "21": {
    "energy": 40754689.07339411,
    "zcc": 3905.0,
    "psd": 5341798606227.914,
    "psd_low": 4629010964.159364,
    "psd_high": 5337169595263.754
  },
  "22": {
    "energy": 17336014.271859594,
    "zcc": 4296.0,
    "psd": 2272266062641.1816,
    "psd_low": 5035918913.693994,
    "psd_high": 2267230143727.488
  },
  "23": {
    "energy": 44139370.40795818,
    "zcc": 4001.0,
    "psd": 5785435558111.893,
    "psd_low": 6303327491.815979,
    "psd_high": 5779132230620.077
  },
  "24": {
    "energy": 145501020.52845356,
    "zcc": 3868.0,
    "psd": 19071109762705.46,
    "psd_low": 8952460365.486155,
    "psd_high": 19062157302339.977
  },
  "25": {
    "energy": 19381381.839512736,
    "zcc": 4596.0,
    "psd": 2540356480468.6143,
    "psd_low": 11180219045.948374,
    "psd_high": 2529176261422.666
  },
  "26": {
    "energy": 191809346.3765744,
    "zcc": 4254.0,
    "psd": 25140834648270.36,
    "psd_low": 17831467669.411854,
    "psd_high": 25123003180600.95
  },
  "27": {
    "energy": 104209939.71961148,
    "zcc": 3404.0,
    "psd": 13659005218928.916,
    "psd_low": 12057553372.238104,
    "psd_high": 13646947665556.678
  },
  "28": {
    "energy": 36128636.579109535,
    "zcc": 3710.0,
    "psd": 4735452653697.044,
    "psd_low": 5054336135.294399,
    "psd_high": 4730398317561.749
  },
  "29": {
    "energy": 164188858.47040564,
    "zcc": 4942.0,
    "psd": 21520562057433.01,
    "psd_low": 19139725717.639233,
    "psd_high": 21501422331715.37
  },
  "30": {
    "energy": 141821182.49435785,
    "zcc": 4844.0,
    "psd": 18588786031900.48,
    "psd_low": 17627953796.28518,
    "psd_high": 18571158078104.195
  },
  "31": {
    "energy": 70991112.1317294,
    "zcc": 2710.0,
    "psd": 9304947049330.035,
    "psd_low": 16867371403.370804,
    "psd_high": 9288079677926.664
  },
  "32": {
    "energy": 38246013.50160052,
    "zcc": 2516.0,
    "psd": 5012981481681.782,
    "psd_low": 7557249980.866704,
    "psd_high": 5005424231700.915
  },
  "33": {
    "energy": 47969071.641361095,
    "zcc": 2722.0,
    "psd": 6287402158176.4795,
    "psd_low": 4447983490.161807,
    "psd_high": 6282954174686.317
  },
  "34": {
    "energy": 77951868.57557121,
    "zcc": 2126.0,
    "psd": 10217307317937.268,
    "psd_low": 6330836302.814523,
    "psd_high": 10210976481634.455
  },
  "35": {
    "energy": 44796590.52221612,
    "zcc": 3066.0,
    "psd": 5871578712927.912,
    "psd_low": 4498899554.5002365,
    "psd_high": 5867079813373.411
  },
  "36": {
    "energy": 56972013.936978534,
    "zcc": 2698.0,
    "psd": 7467435810747.648,
    "psd_low": 5815618503.964323,
    "psd_high": 7461620192243.684
  },
  "37": {
    "energy": 81150383.66338874,
    "zcc": 3628.0,
    "psd": 10636543087527.691,
    "psd_low": 11647203524.268778,
    "psd_high": 10624895884003.422
  },
  "38": {
    "energy": 41490937.98429624,
    "zcc": 2834.0,
    "psd": 5438300223477.679,
    "psd_low": 6142049649.063648,
    "psd_high": 5432158173828.614
  },
  "39": {
    "energy": 36618436.24626771,
    "zcc": 2508.0,
    "psd": 4799651675670.8,
    "psd_low": 4974460851.261112,
    "psd_high": 4794677214819.538
  },
  "40": {
    "energy": 32529255.81807032,
    "zcc": 2078.0,
    "psd": 4263674618586.114,
    "psd_low": 3748883572.8612165,
    "psd_high": 4259925735013.253
  },
  "41": {
    "energy": 6452778.253297171,
    "zcc": 4806.0,
    "psd": 845778551216.1667,
    "psd_low": 8009520712.994049,
    "psd_high": 837769030503.1727
  },
  "42": {
    "energy": 5260752.887455272,
    "zcc": 6420.0,
    "psd": 689537402464.5375,
    "psd_low": 13307606405.127777,
    "psd_high": 676229796059.4095
  },
  "43": {
    "energy": 12478959.144368548,
    "zcc": 5748.0,
    "psd": 1635642132970.674,
    "psd_low": 15515339146.050623,
    "psd_high": 1620126793824.6238
  },
  "44": {
    "energy": 1814569.8548048353,
    "zcc": 3968.0,
    "psd": 237839300008.97934,
    "psd_low": 1492729271.9341908,
    "psd_high": 236346570737.04514
  },
  "45": {
    "energy": 6851039.075730434,
    "zcc": 6452.0,
    "psd": 897979393734.1396,
    "psd_low": 12480411494.909517,
    "psd_high": 885498982239.2301
  },
  "46": {
    "energy": 5295625.470974314,
    "zcc": 4774.0,
    "psd": 694108221731.5452,
    "psd_low": 3921599921.2006817,
    "psd_high": 690186621810.3445
  },
  "47": {
    "energy": 10155179.457318746,
    "zcc": 4074.0,
    "psd": 1331059681829.6829,
    "psd_low": 3053548032.891081,
    "psd_high": 1328006133796.7917
  },